op_id,device_id,patient_id,operation,algo,payload_bytes,duration_ms,result
W000_256,W000,P000,encrypt,AES-GCM-128,256,0.104,ok
W000_512,W000,P000,encrypt,AES-GCM-128,512,0.044,ok
W000_1024,W000,P000,encrypt,AES-GCM-128,1024,0.037,ok
W000_2048,W000,P000,encrypt,AES-GCM-128,2048,0.038,ok
W000_4096,W000,P000,encrypt,AES-GCM-128,4096,0.044,ok
W001_256,W001,P001,encrypt,AES-GCM-128,256,0.036,ok
W001_512,W001,P001,encrypt,AES-GCM-128,512,0.032,ok
W001_1024,W001,P001,encrypt,AES-GCM-128,1024,0.034,ok
W001_2048,W001,P001,encrypt,AES-GCM-128,2048,0.036,ok
W001_4096,W001,P001,encrypt,AES-GCM-128,4096,0.041,ok
W002_256,W002,P002,encrypt,AES-GCM-128,256,0.029,ok
W002_512,W002,P002,encrypt,AES-GCM-128,512,0.032,ok
W002_1024,W002,P002,encrypt,AES-GCM-128,1024,0.032,ok
W002_2048,W002,P002,encrypt,AES-GCM-128,2048,0.034,ok
W002_4096,W002,P002,encrypt,AES-GCM-128,4096,0.038,ok
W003_256,W003,P003,encrypt,AES-GCM-128,256,0.028,ok
W003_512,W003,P003,encrypt,AES-GCM-128,512,0.03,ok
W003_1024,W003,P003,encrypt,AES-GCM-128,1024,0.029,ok
W003_2048,W003,P003,encrypt,AES-GCM-128,2048,0.032,ok
W003_4096,W003,P003,encrypt,AES-GCM-128,4096,0.038,ok
W004_256,W004,P004,encrypt,AES-GCM-128,256,0.026,ok
W004_512,W004,P004,encrypt,AES-GCM-128,512,0.029,ok
W004_1024,W004,P004,encrypt,AES-GCM-128,1024,0.03,ok
W004_2048,W004,P004,encrypt,AES-GCM-128,2048,0.033,ok
W004_4096,W004,P004,encrypt,AES-GCM-128,4096,0.038,ok
W005_256,W005,P005,encrypt,AES-GCM-128,256,0.027,ok
W005_512,W005,P005,encrypt,AES-GCM-128,512,0.045,ok
W005_1024,W005,P005,encrypt,AES-GCM-128,1024,0.033,ok
W005_2048,W005,P005,encrypt,AES-GCM-128,2048,0.044,ok
W005_4096,W005,P005,encrypt,AES-GCM-128,4096,0.041,ok
W006_256,W006,P006,encrypt,AES-GCM-128,256,0.027,ok
W006_512,W006,P006,encrypt,AES-GCM-128,512,0.029,ok
W006_1024,W006,P006,encrypt,AES-GCM-128,1024,0.03,ok
W006_2048,W006,P006,encrypt,AES-GCM-128,2048,0.032,ok
W006_4096,W006,P006,encrypt,AES-GCM-128,4096,0.037,ok
W007_256,W007,P007,encrypt,AES-GCM-128,256,0.028,ok
W007_512,W007,P007,encrypt,AES-GCM-128,512,0.028,ok
W007_1024,W007,P007,encrypt,AES-GCM-128,1024,0.029,ok
W007_2048,W007,P007,encrypt,AES-GCM-128,2048,0.043,ok
W007_4096,W007,P007,encrypt,AES-GCM-128,4096,0.041,ok
W008_256,W008,P008,encrypt,AES-GCM-128,256,0.027,ok
W008_512,W008,P008,encrypt,AES-GCM-128,512,0.028,ok
W008_1024,W008,P008,encrypt,AES-GCM-128,1024,0.029,ok
W008_2048,W008,P008,encrypt,AES-GCM-128,2048,0.032,ok
W008_4096,W008,P008,encrypt,AES-GCM-128,4096,0.037,ok
W009_256,W009,P009,encrypt,AES-GCM-128,256,0.026,ok
W009_512,W009,P009,encrypt,AES-GCM-128,512,0.03,ok
W009_1024,W009,P009,encrypt,AES-GCM-128,1024,0.03,ok
W009_2048,W009,P009,encrypt,AES-GCM-128,2048,0.033,ok
W009_4096,W009,P009,encrypt,AES-GCM-128,4096,0.041,ok
W010_256,W010,P010,encrypt,AES-GCM-128,256,0.027,ok
W010_512,W010,P010,encrypt,AES-GCM-128,512,0.028,ok
W010_1024,W010,P010,encrypt,AES-GCM-128,1024,0.029,ok
W010_2048,W010,P010,encrypt,AES-GCM-128,2048,0.032,ok
W010_4096,W010,P010,encrypt,AES-GCM-128,4096,0.037,ok
W011_256,W011,P011,encrypt,AES-GCM-128,256,0.027,ok
W011_512,W011,P011,encrypt,AES-GCM-128,512,0.029,ok
W011_1024,W011,P011,encrypt,AES-GCM-128,1024,0.03,ok
W011_2048,W011,P011,encrypt,AES-GCM-128,2048,0.042,ok
W011_4096,W011,P011,encrypt,AES-GCM-128,4096,0.04,ok
W012_256,W012,P012,encrypt,AES-GCM-128,256,0.027,ok
W012_512,W012,P012,encrypt,AES-GCM-128,512,0.028,ok
W012_1024,W012,P012,encrypt,AES-GCM-128,1024,0.029,ok
W012_2048,W012,P012,encrypt,AES-GCM-128,2048,0.033,ok
W012_4096,W012,P012,encrypt,AES-GCM-128,4096,0.037,ok
W013_256,W013,P013,encrypt,AES-GCM-128,256,0.027,ok
W013_512,W013,P013,encrypt,AES-GCM-128,512,0.028,ok
W013_1024,W013,P013,encrypt,AES-GCM-128,1024,0.029,ok
W013_2048,W013,P013,encrypt,AES-GCM-128,2048,0.041,ok
W013_4096,W013,P013,encrypt,AES-GCM-128,4096,0.037,ok
W014_256,W014,P014,encrypt,AES-GCM-128,256,0.026,ok
W014_512,W014,P014,encrypt,AES-GCM-128,512,0.028,ok
W014_1024,W014,P014,encrypt,AES-GCM-128,1024,0.029,ok
W014_2048,W014,P014,encrypt,AES-GCM-128,2048,0.039,ok
W014_4096,W014,P014,encrypt,AES-GCM-128,4096,0.038,ok
W015_256,W015,P015,encrypt,AES-GCM-128,256,0.045,ok
W015_512,W015,P015,encrypt,AES-GCM-128,512,0.028,ok
W015_1024,W015,P015,encrypt,AES-GCM-128,1024,0.029,ok
W015_2048,W015,P015,encrypt,AES-GCM-128,2048,0.031,ok
W015_4096,W015,P015,encrypt,AES-GCM-128,4096,0.038,ok
W016_256,W016,P016,encrypt,AES-GCM-128,256,0.026,ok
W016_512,W016,P016,encrypt,AES-GCM-128,512,0.028,ok
W016_1024,W016,P016,encrypt,AES-GCM-128,1024,0.029,ok
W016_2048,W016,P016,encrypt,AES-GCM-128,2048,0.031,ok
W016_4096,W016,P016,encrypt,AES-GCM-128,4096,0.037,ok
W017_256,W017,P017,encrypt,AES-GCM-128,256,0.027,ok
W017_512,W017,P017,encrypt,AES-GCM-128,512,0.039,ok
W017_1024,W017,P017,encrypt,AES-GCM-128,1024,0.03,ok
W017_2048,W017,P017,encrypt,AES-GCM-128,2048,0.032,ok
W017_4096,W017,P017,encrypt,AES-GCM-128,4096,0.038,ok
W018_256,W018,P018,encrypt,AES-GCM-128,256,0.027,ok
W018_512,W018,P018,encrypt,AES-GCM-128,512,0.028,ok
W018_1024,W018,P018,encrypt,AES-GCM-128,1024,0.03,ok
W018_2048,W018,P018,encrypt,AES-GCM-128,2048,0.033,ok
W018_4096,W018,P018,encrypt,AES-GCM-128,4096,0.037,ok
W019_256,W019,P019,encrypt,AES-GCM-128,256,0.027,ok
W019_512,W019,P019,encrypt,AES-GCM-128,512,0.028,ok
W019_1024,W019,P019,encrypt,AES-GCM-128,1024,0.029,ok
W019_2048,W019,P019,encrypt,AES-GCM-128,2048,0.033,ok
W019_4096,W019,P019,encrypt,AES-GCM-128,4096,0.037,ok
W020_256,W020,P020,encrypt,AES-GCM-128,256,0.026,ok
W020_512,W020,P020,encrypt,AES-GCM-128,512,0.028,ok
W020_1024,W020,P020,encrypt,AES-GCM-128,1024,0.029,ok
W020_2048,W020,P020,encrypt,AES-GCM-128,2048,0.035,ok
W020_4096,W020,P020,encrypt,AES-GCM-128,4096,0.038,ok
W021_256,W021,P021,encrypt,AES-GCM-128,256,0.026,ok
W021_512,W021,P021,encrypt,AES-GCM-128,512,0.027,ok
W021_1024,W021,P021,encrypt,AES-GCM-128,1024,0.029,ok
W021_2048,W021,P021,encrypt,AES-GCM-128,2048,0.032,ok
W021_4096,W021,P021,encrypt,AES-GCM-128,4096,0.038,ok
W022_256,W022,P022,encrypt,AES-GCM-128,256,0.027,ok
W022_512,W022,P022,encrypt,AES-GCM-128,512,0.027,ok
W022_1024,W022,P022,encrypt,AES-GCM-128,1024,0.029,ok
W022_2048,W022,P022,encrypt,AES-GCM-128,2048,0.032,ok
W022_4096,W022,P022,encrypt,AES-GCM-128,4096,0.036,ok
W023_256,W023,P023,encrypt,AES-GCM-128,256,0.045,ok
W023_512,W023,P023,encrypt,AES-GCM-128,512,0.028,ok
W023_1024,W023,P023,encrypt,AES-GCM-128,1024,0.029,ok
W023_2048,W023,P023,encrypt,AES-GCM-128,2048,0.043,ok
W023_4096,W023,P023,encrypt,AES-GCM-128,4096,0.037,ok
W024_256,W024,P024,encrypt,AES-GCM-128,256,0.027,ok
W024_512,W024,P024,encrypt,AES-GCM-128,512,0.028,ok
W024_1024,W024,P024,encrypt,AES-GCM-128,1024,0.029,ok
W024_2048,W024,P024,encrypt,AES-GCM-128,2048,0.032,ok
W024_4096,W024,P024,encrypt,AES-GCM-128,4096,0.038,ok
W025_256,W025,P025,encrypt,AES-GCM-128,256,0.04,ok
W025_512,W025,P025,encrypt,AES-GCM-128,512,0.028,ok
W025_1024,W025,P025,encrypt,AES-GCM-128,1024,0.029,ok
W025_2048,W025,P025,encrypt,AES-GCM-128,2048,0.032,ok
W025_4096,W025,P025,encrypt,AES-GCM-128,4096,0.037,ok
W026_256,W026,P026,encrypt,AES-GCM-128,256,0.026,ok
W026_512,W026,P026,encrypt,AES-GCM-128,512,0.028,ok
W026_1024,W026,P026,encrypt,AES-GCM-128,1024,0.029,ok
W026_2048,W026,P026,encrypt,AES-GCM-128,2048,0.031,ok
W026_4096,W026,P026,encrypt,AES-GCM-128,4096,0.037,ok
W027_256,W027,P027,encrypt,AES-GCM-128,256,0.026,ok
W027_512,W027,P027,encrypt,AES-GCM-128,512,0.028,ok
W027_1024,W027,P027,encrypt,AES-GCM-128,1024,0.029,ok
W027_2048,W027,P027,encrypt,AES-GCM-128,2048,0.032,ok
W027_4096,W027,P027,encrypt,AES-GCM-128,4096,0.042,ok
W028_256,W028,P028,encrypt,AES-GCM-128,256,0.027,ok
W028_512,W028,P028,encrypt,AES-GCM-128,512,0.027,ok
W028_1024,W028,P028,encrypt,AES-GCM-128,1024,0.029,ok
W028_2048,W028,P028,encrypt,AES-GCM-128,2048,0.035,ok
W028_4096,W028,P028,encrypt,AES-GCM-128,4096,0.037,ok
W029_256,W029,P029,encrypt,AES-GCM-128,256,0.026,ok
W029_512,W029,P029,encrypt,AES-GCM-128,512,0.028,ok
W029_1024,W029,P029,encrypt,AES-GCM-128,1024,0.029,ok
W029_2048,W029,P029,encrypt,AES-GCM-128,2048,0.032,ok
W029_4096,W029,P029,encrypt,AES-GCM-128,4096,0.038,ok
W030_256,W030,P030,encrypt,AES-GCM-128,256,0.025,ok
W030_512,W030,P030,encrypt,AES-GCM-128,512,0.028,ok
W030_1024,W030,P030,encrypt,AES-GCM-128,1024,0.029,ok
W030_2048,W030,P030,encrypt,AES-GCM-128,2048,0.032,ok
W030_4096,W030,P030,encrypt,AES-GCM-128,4096,0.038,ok
W031_256,W031,P031,encrypt,AES-GCM-128,256,0.026,ok
W031_512,W031,P031,encrypt,AES-GCM-128,512,0.029,ok
W031_1024,W031,P031,encrypt,AES-GCM-128,1024,0.029,ok
W031_2048,W031,P031,encrypt,AES-GCM-128,2048,0.032,ok
W031_4096,W031,P031,encrypt,AES-GCM-128,4096,0.038,ok
W032_256,W032,P032,encrypt,AES-GCM-128,256,0.025,ok
W032_512,W032,P032,encrypt,AES-GCM-128,512,0.027,ok
W032_1024,W032,P032,encrypt,AES-GCM-128,1024,0.029,ok
W032_2048,W032,P032,encrypt,AES-GCM-128,2048,0.031,ok
W032_4096,W032,P032,encrypt,AES-GCM-128,4096,0.037,ok
W033_256,W033,P033,encrypt,AES-GCM-128,256,0.026,ok
W033_512,W033,P033,encrypt,AES-GCM-128,512,0.028,ok
W033_1024,W033,P033,encrypt,AES-GCM-128,1024,0.029,ok
W033_2048,W033,P033,encrypt,AES-GCM-128,2048,0.032,ok
W033_4096,W033,P033,encrypt,AES-GCM-128,4096,0.038,ok
W034_256,W034,P034,encrypt,AES-GCM-128,256,0.026,ok
W034_512,W034,P034,encrypt,AES-GCM-128,512,0.028,ok
W034_1024,W034,P034,encrypt,AES-GCM-128,1024,0.029,ok
W034_2048,W034,P034,encrypt,AES-GCM-128,2048,0.032,ok
W034_4096,W034,P034,encrypt,AES-GCM-128,4096,0.037,ok
W035_256,W035,P035,encrypt,AES-GCM-128,256,0.026,ok
W035_512,W035,P035,encrypt,AES-GCM-128,512,0.028,ok
W035_1024,W035,P035,encrypt,AES-GCM-128,1024,0.034,ok
W035_2048,W035,P035,encrypt,AES-GCM-128,2048,0.032,ok
W035_4096,W035,P035,encrypt,AES-GCM-128,4096,0.038,ok
W036_256,W036,P036,encrypt,AES-GCM-128,256,0.026,ok
W036_512,W036,P036,encrypt,AES-GCM-128,512,0.028,ok
W036_1024,W036,P036,encrypt,AES-GCM-128,1024,0.03,ok
W036_2048,W036,P036,encrypt,AES-GCM-128,2048,0.031,ok
W036_4096,W036,P036,encrypt,AES-GCM-128,4096,0.038,ok
W037_256,W037,P037,encrypt,AES-GCM-128,256,0.028,ok
W037_512,W037,P037,encrypt,AES-GCM-128,512,0.028,ok
W037_1024,W037,P037,encrypt,AES-GCM-128,1024,0.029,ok
W037_2048,W037,P037,encrypt,AES-GCM-128,2048,0.032,ok
W037_4096,W037,P037,encrypt,AES-GCM-128,4096,0.038,ok
W038_256,W038,P038,encrypt,AES-GCM-128,256,0.026,ok
W038_512,W038,P038,encrypt,AES-GCM-128,512,0.028,ok
W038_1024,W038,P038,encrypt,AES-GCM-128,1024,0.029,ok
W038_2048,W038,P038,encrypt,AES-GCM-128,2048,0.032,ok
W038_4096,W038,P038,encrypt,AES-GCM-128,4096,0.038,ok
W039_256,W039,P039,encrypt,AES-GCM-128,256,0.026,ok
W039_512,W039,P039,encrypt,AES-GCM-128,512,0.028,ok
W039_1024,W039,P039,encrypt,AES-GCM-128,1024,0.029,ok
W039_2048,W039,P039,encrypt,AES-GCM-128,2048,0.032,ok
W039_4096,W039,P039,encrypt,AES-GCM-128,4096,0.038,ok
W040_256,W040,P040,encrypt,AES-GCM-128,256,0.025,ok
W040_512,W040,P040,encrypt,AES-GCM-128,512,0.028,ok
W040_1024,W040,P040,encrypt,AES-GCM-128,1024,0.029,ok
W040_2048,W040,P040,encrypt,AES-GCM-128,2048,0.032,ok
W040_4096,W040,P040,encrypt,AES-GCM-128,4096,0.037,ok
W041_256,W041,P041,encrypt,AES-GCM-128,256,0.025,ok
W041_512,W041,P041,encrypt,AES-GCM-128,512,0.028,ok
W041_1024,W041,P041,encrypt,AES-GCM-128,1024,0.029,ok
W041_2048,W041,P041,encrypt,AES-GCM-128,2048,0.031,ok
W041_4096,W041,P041,encrypt,AES-GCM-128,4096,0.045,ok
W042_256,W042,P042,encrypt,AES-GCM-128,256,0.026,ok
W042_512,W042,P042,encrypt,AES-GCM-128,512,0.028,ok
W042_1024,W042,P042,encrypt,AES-GCM-128,1024,0.029,ok
W042_2048,W042,P042,encrypt,AES-GCM-128,2048,0.032,ok
W042_4096,W042,P042,encrypt,AES-GCM-128,4096,0.037,ok
W043_256,W043,P043,encrypt,AES-GCM-128,256,0.027,ok
W043_512,W043,P043,encrypt,AES-GCM-128,512,0.05,ok
W043_1024,W043,P043,encrypt,AES-GCM-128,1024,0.029,ok
W043_2048,W043,P043,encrypt,AES-GCM-128,2048,0.032,ok
W043_4096,W043,P043,encrypt,AES-GCM-128,4096,0.044,ok
W044_256,W044,P044,encrypt,AES-GCM-128,256,0.027,ok
W044_512,W044,P044,encrypt,AES-GCM-128,512,0.028,ok
W044_1024,W044,P044,encrypt,AES-GCM-128,1024,0.029,ok
W044_2048,W044,P044,encrypt,AES-GCM-128,2048,0.037,ok
W044_4096,W044,P044,encrypt,AES-GCM-128,4096,0.054,ok
W045_256,W045,P045,encrypt,AES-GCM-128,256,0.046,ok
W045_512,W045,P045,encrypt,AES-GCM-128,512,0.029,ok
W045_1024,W045,P045,encrypt,AES-GCM-128,1024,0.031,ok
W045_2048,W045,P045,encrypt,AES-GCM-128,2048,0.045,ok
W045_4096,W045,P045,encrypt,AES-GCM-128,4096,0.038,ok
W046_256,W046,P046,encrypt,AES-GCM-128,256,0.026,ok
W046_512,W046,P046,encrypt,AES-GCM-128,512,0.036,ok
W046_1024,W046,P046,encrypt,AES-GCM-128,1024,0.029,ok
W046_2048,W046,P046,encrypt,AES-GCM-128,2048,0.031,ok
W046_4096,W046,P046,encrypt,AES-GCM-128,4096,0.037,ok
W047_256,W047,P047,encrypt,AES-GCM-128,256,0.044,ok
W047_512,W047,P047,encrypt,AES-GCM-128,512,0.028,ok
W047_1024,W047,P047,encrypt,AES-GCM-128,1024,0.03,ok
W047_2048,W047,P047,encrypt,AES-GCM-128,2048,0.031,ok
W047_4096,W047,P047,encrypt,AES-GCM-128,4096,0.038,ok
W048_256,W048,P048,encrypt,AES-GCM-128,256,0.026,ok
W048_512,W048,P048,encrypt,AES-GCM-128,512,0.027,ok
W048_1024,W048,P048,encrypt,AES-GCM-128,1024,0.029,ok
W048_2048,W048,P048,encrypt,AES-GCM-128,2048,0.032,ok
W048_4096,W048,P048,encrypt,AES-GCM-128,4096,0.037,ok
W049_256,W049,P049,encrypt,AES-GCM-128,256,0.043,ok
W049_512,W049,P049,encrypt,AES-GCM-128,512,0.028,ok
W049_1024,W049,P049,encrypt,AES-GCM-128,1024,0.03,ok
W049_2048,W049,P049,encrypt,AES-GCM-128,2048,0.032,ok
W049_4096,W049,P049,encrypt,AES-GCM-128,4096,0.041,ok
W050_256,W050,P050,encrypt,AES-GCM-128,256,0.027,ok
W050_512,W050,P050,encrypt,AES-GCM-128,512,0.029,ok
W050_1024,W050,P050,encrypt,AES-GCM-128,1024,0.029,ok
W050_2048,W050,P050,encrypt,AES-GCM-128,2048,0.032,ok
W050_4096,W050,P050,encrypt,AES-GCM-128,4096,0.038,ok
W051_256,W051,P051,encrypt,AES-GCM-128,256,0.026,ok
W051_512,W051,P051,encrypt,AES-GCM-128,512,0.028,ok
W051_1024,W051,P051,encrypt,AES-GCM-128,1024,0.03,ok
W051_2048,W051,P051,encrypt,AES-GCM-128,2048,0.031,ok
W051_4096,W051,P051,encrypt,AES-GCM-128,4096,0.038,ok
W052_256,W052,P052,encrypt,AES-GCM-128,256,0.026,ok
W052_512,W052,P052,encrypt,AES-GCM-128,512,0.027,ok
W052_1024,W052,P052,encrypt,AES-GCM-128,1024,0.029,ok
W052_2048,W052,P052,encrypt,AES-GCM-128,2048,0.031,ok
W052_4096,W052,P052,encrypt,AES-GCM-128,4096,0.056,ok
W053_256,W053,P053,encrypt,AES-GCM-128,256,0.026,ok
W053_512,W053,P053,encrypt,AES-GCM-128,512,0.027,ok
W053_1024,W053,P053,encrypt,AES-GCM-128,1024,0.04,ok
W053_2048,W053,P053,encrypt,AES-GCM-128,2048,0.032,ok
W053_4096,W053,P053,encrypt,AES-GCM-128,4096,0.037,ok
W054_256,W054,P054,encrypt,AES-GCM-128,256,0.026,ok
W054_512,W054,P054,encrypt,AES-GCM-128,512,0.035,ok
W054_1024,W054,P054,encrypt,AES-GCM-128,1024,0.03,ok
W054_2048,W054,P054,encrypt,AES-GCM-128,2048,0.032,ok
W054_4096,W054,P054,encrypt,AES-GCM-128,4096,0.052,ok
W055_256,W055,P055,encrypt,AES-GCM-128,256,0.027,ok
W055_512,W055,P055,encrypt,AES-GCM-128,512,0.027,ok
W055_1024,W055,P055,encrypt,AES-GCM-128,1024,0.041,ok
W055_2048,W055,P055,encrypt,AES-GCM-128,2048,0.032,ok
W055_4096,W055,P055,encrypt,AES-GCM-128,4096,0.037,ok
W056_256,W056,P056,encrypt,AES-GCM-128,256,0.026,ok
W056_512,W056,P056,encrypt,AES-GCM-128,512,0.028,ok
W056_1024,W056,P056,encrypt,AES-GCM-128,1024,0.029,ok
W056_2048,W056,P056,encrypt,AES-GCM-128,2048,0.031,ok
W056_4096,W056,P056,encrypt,AES-GCM-128,4096,0.056,ok
W057_256,W057,P057,encrypt,AES-GCM-128,256,0.026,ok
W057_512,W057,P057,encrypt,AES-GCM-128,512,0.027,ok
W057_1024,W057,P057,encrypt,AES-GCM-128,1024,0.029,ok
W057_2048,W057,P057,encrypt,AES-GCM-128,2048,0.065,ok
W057_4096,W057,P057,encrypt,AES-GCM-128,4096,0.066,ok
W058_256,W058,P058,encrypt,AES-GCM-128,256,0.036,ok
W058_512,W058,P058,encrypt,AES-GCM-128,512,0.038,ok
W058_1024,W058,P058,encrypt,AES-GCM-128,1024,0.036,ok
W058_2048,W058,P058,encrypt,AES-GCM-128,2048,0.05,ok
W058_4096,W058,P058,encrypt,AES-GCM-128,4096,0.048,ok
W059_256,W059,P059,encrypt,AES-GCM-128,256,0.034,ok
W059_512,W059,P059,encrypt,AES-GCM-128,512,0.03,ok
W059_1024,W059,P059,encrypt,AES-GCM-128,1024,0.033,ok
W059_2048,W059,P059,encrypt,AES-GCM-128,2048,0.035,ok
W059_4096,W059,P059,encrypt,AES-GCM-128,4096,0.042,ok
W060_256,W060,P060,encrypt,AES-GCM-128,256,0.029,ok
W060_512,W060,P060,encrypt,AES-GCM-128,512,0.031,ok
W060_1024,W060,P060,encrypt,AES-GCM-128,1024,0.032,ok
W060_2048,W060,P060,encrypt,AES-GCM-128,2048,0.033,ok
W060_4096,W060,P060,encrypt,AES-GCM-128,4096,0.046,ok
W061_256,W061,P061,encrypt,AES-GCM-128,256,0.027,ok
W061_512,W061,P061,encrypt,AES-GCM-128,512,0.035,ok
W061_1024,W061,P061,encrypt,AES-GCM-128,1024,0.031,ok
W061_2048,W061,P061,encrypt,AES-GCM-128,2048,0.036,ok
W061_4096,W061,P061,encrypt,AES-GCM-128,4096,0.039,ok
W062_256,W062,P062,encrypt,AES-GCM-128,256,0.028,ok
W062_512,W062,P062,encrypt,AES-GCM-128,512,0.04,ok
W062_1024,W062,P062,encrypt,AES-GCM-128,1024,0.031,ok
W062_2048,W062,P062,encrypt,AES-GCM-128,2048,0.032,ok
W062_4096,W062,P062,encrypt,AES-GCM-128,4096,0.048,ok
W063_256,W063,P063,encrypt,AES-GCM-128,256,0.026,ok
W063_512,W063,P063,encrypt,AES-GCM-128,512,0.028,ok
W063_1024,W063,P063,encrypt,AES-GCM-128,1024,0.042,ok
W063_2048,W063,P063,encrypt,AES-GCM-128,2048,0.041,ok
W063_4096,W063,P063,encrypt,AES-GCM-128,4096,0.04,ok
W064_256,W064,P064,encrypt,AES-GCM-128,256,0.027,ok
W064_512,W064,P064,encrypt,AES-GCM-128,512,0.028,ok
W064_1024,W064,P064,encrypt,AES-GCM-128,1024,0.03,ok
W064_2048,W064,P064,encrypt,AES-GCM-128,2048,0.032,ok
W064_4096,W064,P064,encrypt,AES-GCM-128,4096,0.038,ok
W065_256,W065,P065,encrypt,AES-GCM-128,256,0.027,ok
W065_512,W065,P065,encrypt,AES-GCM-128,512,0.028,ok
W065_1024,W065,P065,encrypt,AES-GCM-128,1024,0.031,ok
W065_2048,W065,P065,encrypt,AES-GCM-128,2048,0.032,ok
W065_4096,W065,P065,encrypt,AES-GCM-128,4096,0.039,ok
W066_256,W066,P066,encrypt,AES-GCM-128,256,0.027,ok
W066_512,W066,P066,encrypt,AES-GCM-128,512,0.028,ok
W066_1024,W066,P066,encrypt,AES-GCM-128,1024,0.035,ok
W066_2048,W066,P066,encrypt,AES-GCM-128,2048,0.037,ok
W066_4096,W066,P066,encrypt,AES-GCM-128,4096,0.038,ok
W067_256,W067,P067,encrypt,AES-GCM-128,256,0.026,ok
W067_512,W067,P067,encrypt,AES-GCM-128,512,0.047,ok
W067_1024,W067,P067,encrypt,AES-GCM-128,1024,0.03,ok
W067_2048,W067,P067,encrypt,AES-GCM-128,2048,0.032,ok
W067_4096,W067,P067,encrypt,AES-GCM-128,4096,0.046,ok
W068_256,W068,P068,encrypt,AES-GCM-128,256,0.027,ok
W068_512,W068,P068,encrypt,AES-GCM-128,512,0.03,ok
W068_1024,W068,P068,encrypt,AES-GCM-128,1024,0.029,ok
W068_2048,W068,P068,encrypt,AES-GCM-128,2048,0.032,ok
W068_4096,W068,P068,encrypt,AES-GCM-128,4096,0.037,ok
W069_256,W069,P069,encrypt,AES-GCM-128,256,0.027,ok
W069_512,W069,P069,encrypt,AES-GCM-128,512,0.029,ok
W069_1024,W069,P069,encrypt,AES-GCM-128,1024,0.03,ok
W069_2048,W069,P069,encrypt,AES-GCM-128,2048,0.031,ok
W069_4096,W069,P069,encrypt,AES-GCM-128,4096,0.038,ok
W070_256,W070,P070,encrypt,AES-GCM-128,256,0.026,ok
W070_512,W070,P070,encrypt,AES-GCM-128,512,0.028,ok
W070_1024,W070,P070,encrypt,AES-GCM-128,1024,0.029,ok
W070_2048,W070,P070,encrypt,AES-GCM-128,2048,0.032,ok
W070_4096,W070,P070,encrypt,AES-GCM-128,4096,0.037,ok
W071_256,W071,P071,encrypt,AES-GCM-128,256,0.027,ok
W071_512,W071,P071,encrypt,AES-GCM-128,512,0.031,ok
W071_1024,W071,P071,encrypt,AES-GCM-128,1024,0.03,ok
W071_2048,W071,P071,encrypt,AES-GCM-128,2048,0.032,ok
W071_4096,W071,P071,encrypt,AES-GCM-128,4096,0.056,ok
W072_256,W072,P072,encrypt,AES-GCM-128,256,0.027,ok
W072_512,W072,P072,encrypt,AES-GCM-128,512,0.03,ok
W072_1024,W072,P072,encrypt,AES-GCM-128,1024,0.03,ok
W072_2048,W072,P072,encrypt,AES-GCM-128,2048,0.033,ok
W072_4096,W072,P072,encrypt,AES-GCM-128,4096,0.039,ok
W073_256,W073,P073,encrypt,AES-GCM-128,256,0.026,ok
W073_512,W073,P073,encrypt,AES-GCM-128,512,0.029,ok
W073_1024,W073,P073,encrypt,AES-GCM-128,1024,0.03,ok
W073_2048,W073,P073,encrypt,AES-GCM-128,2048,0.032,ok
W073_4096,W073,P073,encrypt,AES-GCM-128,4096,0.045,ok
W074_256,W074,P074,encrypt,AES-GCM-128,256,0.026,ok
W074_512,W074,P074,encrypt,AES-GCM-128,512,0.028,ok
W074_1024,W074,P074,encrypt,AES-GCM-128,1024,0.029,ok
W074_2048,W074,P074,encrypt,AES-GCM-128,2048,0.031,ok
W074_4096,W074,P074,encrypt,AES-GCM-128,4096,0.041,ok
W075_256,W075,P075,encrypt,AES-GCM-128,256,0.027,ok
W075_512,W075,P075,encrypt,AES-GCM-128,512,0.028,ok
W075_1024,W075,P075,encrypt,AES-GCM-128,1024,0.03,ok
W075_2048,W075,P075,encrypt,AES-GCM-128,2048,0.032,ok
W075_4096,W075,P075,encrypt,AES-GCM-128,4096,0.038,ok
W076_256,W076,P076,encrypt,AES-GCM-128,256,0.026,ok
W076_512,W076,P076,encrypt,AES-GCM-128,512,0.028,ok
W076_1024,W076,P076,encrypt,AES-GCM-128,1024,0.029,ok
W076_2048,W076,P076,encrypt,AES-GCM-128,2048,0.031,ok
W076_4096,W076,P076,encrypt,AES-GCM-128,4096,0.037,ok
W077_256,W077,P077,encrypt,AES-GCM-128,256,0.026,ok
W077_512,W077,P077,encrypt,AES-GCM-128,512,0.049,ok
W077_1024,W077,P077,encrypt,AES-GCM-128,1024,0.029,ok
W077_2048,W077,P077,encrypt,AES-GCM-128,2048,0.031,ok
W077_4096,W077,P077,encrypt,AES-GCM-128,4096,0.036,ok
W078_256,W078,P078,encrypt,AES-GCM-128,256,0.027,ok
W078_512,W078,P078,encrypt,AES-GCM-128,512,0.028,ok
W078_1024,W078,P078,encrypt,AES-GCM-128,1024,0.029,ok
W078_2048,W078,P078,encrypt,AES-GCM-128,2048,0.032,ok
W078_4096,W078,P078,encrypt,AES-GCM-128,4096,0.037,ok
W079_256,W079,P079,encrypt,AES-GCM-128,256,0.027,ok
W079_512,W079,P079,encrypt,AES-GCM-128,512,0.028,ok
W079_1024,W079,P079,encrypt,AES-GCM-128,1024,0.029,ok
W079_2048,W079,P079,encrypt,AES-GCM-128,2048,0.032,ok
W079_4096,W079,P079,encrypt,AES-GCM-128,4096,0.037,ok
W080_256,W080,P080,encrypt,AES-GCM-128,256,0.027,ok
W080_512,W080,P080,encrypt,AES-GCM-128,512,0.028,ok
W080_1024,W080,P080,encrypt,AES-GCM-128,1024,0.03,ok
W080_2048,W080,P080,encrypt,AES-GCM-128,2048,0.033,ok
W080_4096,W080,P080,encrypt,AES-GCM-128,4096,0.037,ok
W081_256,W081,P081,encrypt,AES-GCM-128,256,0.028,ok
W081_512,W081,P081,encrypt,AES-GCM-128,512,0.05,ok
W081_1024,W081,P081,encrypt,AES-GCM-128,1024,0.03,ok
W081_2048,W081,P081,encrypt,AES-GCM-128,2048,0.032,ok
W081_4096,W081,P081,encrypt,AES-GCM-128,4096,0.037,ok
W082_256,W082,P082,encrypt,AES-GCM-128,256,0.027,ok
W082_512,W082,P082,encrypt,AES-GCM-128,512,0.028,ok
W082_1024,W082,P082,encrypt,AES-GCM-128,1024,0.029,ok
W082_2048,W082,P082,encrypt,AES-GCM-128,2048,0.032,ok
W082_4096,W082,P082,encrypt,AES-GCM-128,4096,0.037,ok
W083_256,W083,P083,encrypt,AES-GCM-128,256,0.027,ok
W083_512,W083,P083,encrypt,AES-GCM-128,512,0.028,ok
W083_1024,W083,P083,encrypt,AES-GCM-128,1024,0.03,ok
W083_2048,W083,P083,encrypt,AES-GCM-128,2048,0.032,ok
W083_4096,W083,P083,encrypt,AES-GCM-128,4096,0.037,ok
W084_256,W084,P084,encrypt,AES-GCM-128,256,0.027,ok
W084_512,W084,P084,encrypt,AES-GCM-128,512,0.028,ok
W084_1024,W084,P084,encrypt,AES-GCM-128,1024,0.029,ok
W084_2048,W084,P084,encrypt,AES-GCM-128,2048,0.032,ok
W084_4096,W084,P084,encrypt,AES-GCM-128,4096,0.041,ok
W085_256,W085,P085,encrypt,AES-GCM-128,256,0.026,ok
W085_512,W085,P085,encrypt,AES-GCM-128,512,0.045,ok
W085_1024,W085,P085,encrypt,AES-GCM-128,1024,0.03,ok
W085_2048,W085,P085,encrypt,AES-GCM-128,2048,0.032,ok
W085_4096,W085,P085,encrypt,AES-GCM-128,4096,0.037,ok
W086_256,W086,P086,encrypt,AES-GCM-128,256,0.026,ok
W086_512,W086,P086,encrypt,AES-GCM-128,512,0.028,ok
W086_1024,W086,P086,encrypt,AES-GCM-128,1024,0.029,ok
W086_2048,W086,P086,encrypt,AES-GCM-128,2048,0.032,ok
W086_4096,W086,P086,encrypt,AES-GCM-128,4096,0.038,ok
W087_256,W087,P087,encrypt,AES-GCM-128,256,0.027,ok
W087_512,W087,P087,encrypt,AES-GCM-128,512,0.028,ok
W087_1024,W087,P087,encrypt,AES-GCM-128,1024,0.029,ok
W087_2048,W087,P087,encrypt,AES-GCM-128,2048,0.031,ok
W087_4096,W087,P087,encrypt,AES-GCM-128,4096,0.037,ok
W088_256,W088,P088,encrypt,AES-GCM-128,256,0.026,ok
W088_512,W088,P088,encrypt,AES-GCM-128,512,0.027,ok
W088_1024,W088,P088,encrypt,AES-GCM-128,1024,0.03,ok
W088_2048,W088,P088,encrypt,AES-GCM-128,2048,0.032,ok
W088_4096,W088,P088,encrypt,AES-GCM-128,4096,0.037,ok
W089_256,W089,P089,encrypt,AES-GCM-128,256,0.026,ok
W089_512,W089,P089,encrypt,AES-GCM-128,512,0.028,ok
W089_1024,W089,P089,encrypt,AES-GCM-128,1024,0.029,ok
W089_2048,W089,P089,encrypt,AES-GCM-128,2048,0.032,ok
W089_4096,W089,P089,encrypt,AES-GCM-128,4096,0.037,ok
W090_256,W090,P090,encrypt,AES-GCM-128,256,0.036,ok
W090_512,W090,P090,encrypt,AES-GCM-128,512,0.028,ok
W090_1024,W090,P090,encrypt,AES-GCM-128,1024,0.029,ok
W090_2048,W090,P090,encrypt,AES-GCM-128,2048,0.031,ok
W090_4096,W090,P090,encrypt,AES-GCM-128,4096,0.037,ok
W091_256,W091,P091,encrypt,AES-GCM-128,256,0.026,ok
W091_512,W091,P091,encrypt,AES-GCM-128,512,0.028,ok
W091_1024,W091,P091,encrypt,AES-GCM-128,1024,0.03,ok
W091_2048,W091,P091,encrypt,AES-GCM-128,2048,0.032,ok
W091_4096,W091,P091,encrypt,AES-GCM-128,4096,0.039,ok
W092_256,W092,P092,encrypt,AES-GCM-128,256,0.039,ok
W092_512,W092,P092,encrypt,AES-GCM-128,512,0.028,ok
W092_1024,W092,P092,encrypt,AES-GCM-128,1024,0.03,ok
W092_2048,W092,P092,encrypt,AES-GCM-128,2048,0.032,ok
W092_4096,W092,P092,encrypt,AES-GCM-128,4096,0.038,ok
W093_256,W093,P093,encrypt,AES-GCM-128,256,0.027,ok
W093_512,W093,P093,encrypt,AES-GCM-128,512,0.028,ok
W093_1024,W093,P093,encrypt,AES-GCM-128,1024,0.031,ok
W093_2048,W093,P093,encrypt,AES-GCM-128,2048,0.032,ok
W093_4096,W093,P093,encrypt,AES-GCM-128,4096,0.038,ok
W094_256,W094,P094,encrypt,AES-GCM-128,256,0.043,ok
W094_512,W094,P094,encrypt,AES-GCM-128,512,0.029,ok
W094_1024,W094,P094,encrypt,AES-GCM-128,1024,0.029,ok
W094_2048,W094,P094,encrypt,AES-GCM-128,2048,0.032,ok
W094_4096,W094,P094,encrypt,AES-GCM-128,4096,0.037,ok
W095_256,W095,P095,encrypt,AES-GCM-128,256,0.026,ok
W095_512,W095,P095,encrypt,AES-GCM-128,512,0.028,ok
W095_1024,W095,P095,encrypt,AES-GCM-128,1024,0.03,ok
W095_2048,W095,P095,encrypt,AES-GCM-128,2048,0.032,ok
W095_4096,W095,P095,encrypt,AES-GCM-128,4096,0.038,ok
W096_256,W096,P096,encrypt,AES-GCM-128,256,0.026,ok
W096_512,W096,P096,encrypt,AES-GCM-128,512,0.028,ok
W096_1024,W096,P096,encrypt,AES-GCM-128,1024,0.029,ok
W096_2048,W096,P096,encrypt,AES-GCM-128,2048,0.032,ok
W096_4096,W096,P096,encrypt,AES-GCM-128,4096,0.037,ok
W097_256,W097,P097,encrypt,AES-GCM-128,256,0.026,ok
W097_512,W097,P097,encrypt,AES-GCM-128,512,0.028,ok
W097_1024,W097,P097,encrypt,AES-GCM-128,1024,0.045,ok
W097_2048,W097,P097,encrypt,AES-GCM-128,2048,0.032,ok
W097_4096,W097,P097,encrypt,AES-GCM-128,4096,0.037,ok
W098_256,W098,P098,encrypt,AES-GCM-128,256,0.027,ok
W098_512,W098,P098,encrypt,AES-GCM-128,512,0.028,ok
W098_1024,W098,P098,encrypt,AES-GCM-128,1024,0.028,ok
W098_2048,W098,P098,encrypt,AES-GCM-128,2048,0.031,ok
W098_4096,W098,P098,encrypt,AES-GCM-128,4096,0.037,ok
W099_256,W099,P099,encrypt,AES-GCM-128,256,0.027,ok
W099_512,W099,P099,encrypt,AES-GCM-128,512,0.027,ok
W099_1024,W099,P099,encrypt,AES-GCM-128,1024,0.029,ok
W099_2048,W099,P099,encrypt,AES-GCM-128,2048,0.051,ok
W099_4096,W099,P099,encrypt,AES-GCM-128,4096,0.038,ok
G00_256,G00,P070,encrypt,AES-GCM-128,256,0.021,ok
G00_512,G00,P070,encrypt,AES-GCM-128,512,0.023,ok
G00_1024,G00,P070,encrypt,AES-GCM-128,1024,0.024,ok
G00_2048,G00,P070,encrypt,AES-GCM-128,2048,0.025,ok
G00_4096,G00,P070,encrypt,AES-GCM-128,4096,0.029,ok
G01_256,G01,P027,encrypt,AES-GCM-128,256,0.021,ok
G01_512,G01,P027,encrypt,AES-GCM-128,512,0.023,ok
G01_1024,G01,P027,encrypt,AES-GCM-128,1024,0.025,ok
G01_2048,G01,P027,encrypt,AES-GCM-128,2048,0.025,ok
G01_4096,G01,P027,encrypt,AES-GCM-128,4096,0.03,ok
G02_256,G02,P077,encrypt,AES-GCM-128,256,0.02,ok
G02_512,G02,P077,encrypt,AES-GCM-128,512,0.022,ok
G02_1024,G02,P077,encrypt,AES-GCM-128,1024,0.023,ok
G02_2048,G02,P077,encrypt,AES-GCM-128,2048,0.028,ok
G02_4096,G02,P077,encrypt,AES-GCM-128,4096,0.029,ok
G03_256,G03,P094,encrypt,AES-GCM-128,256,0.02,ok
G03_512,G03,P094,encrypt,AES-GCM-128,512,0.022,ok
G03_1024,G03,P094,encrypt,AES-GCM-128,1024,0.023,ok
G03_2048,G03,P094,encrypt,AES-GCM-128,2048,0.025,ok
G03_4096,G03,P094,encrypt,AES-GCM-128,4096,0.029,ok
G04_256,G04,P051,encrypt,AES-GCM-128,256,0.02,ok
G04_512,G04,P051,encrypt,AES-GCM-128,512,0.022,ok
G04_1024,G04,P051,encrypt,AES-GCM-128,1024,0.023,ok
G04_2048,G04,P051,encrypt,AES-GCM-128,2048,0.024,ok
G04_4096,G04,P051,encrypt,AES-GCM-128,4096,0.029,ok
G05_256,G05,P082,encrypt,AES-GCM-128,256,0.02,ok
G05_512,G05,P082,encrypt,AES-GCM-128,512,0.021,ok
G05_1024,G05,P082,encrypt,AES-GCM-128,1024,0.023,ok
G05_2048,G05,P082,encrypt,AES-GCM-128,2048,0.025,ok
G05_4096,G05,P082,encrypt,AES-GCM-128,4096,0.029,ok
G06_256,G06,P015,encrypt,AES-GCM-128,256,0.02,ok
G06_512,G06,P015,encrypt,AES-GCM-128,512,0.021,ok
G06_1024,G06,P015,encrypt,AES-GCM-128,1024,0.023,ok
G06_2048,G06,P015,encrypt,AES-GCM-128,2048,0.025,ok
G06_4096,G06,P015,encrypt,AES-GCM-128,4096,0.029,ok
G07_256,G07,P068,encrypt,AES-GCM-128,256,0.021,ok
G07_512,G07,P068,encrypt,AES-GCM-128,512,0.022,ok
G07_1024,G07,P068,encrypt,AES-GCM-128,1024,0.023,ok
G07_2048,G07,P068,encrypt,AES-GCM-128,2048,0.037,ok
G07_4096,G07,P068,encrypt,AES-GCM-128,4096,0.038,ok
G08_256,G08,P098,encrypt,AES-GCM-128,256,0.02,ok
G08_512,G08,P098,encrypt,AES-GCM-128,512,0.023,ok
G08_1024,G08,P098,encrypt,AES-GCM-128,1024,0.023,ok
G08_2048,G08,P098,encrypt,AES-GCM-128,2048,0.025,ok
G08_4096,G08,P098,encrypt,AES-GCM-128,4096,0.029,ok
G09_256,G09,P011,encrypt,AES-GCM-128,256,0.02,ok
G09_512,G09,P011,encrypt,AES-GCM-128,512,0.021,ok
G09_1024,G09,P011,encrypt,AES-GCM-128,1024,0.023,ok
G09_2048,G09,P011,encrypt,AES-GCM-128,2048,0.025,ok
G09_4096,G09,P011,encrypt,AES-GCM-128,4096,0.029,ok
C00_256,C00,N/A,encrypt,AES-GCM-128,256,0.015,ok
C00_512,C00,N/A,encrypt,AES-GCM-128,512,0.016,ok
C00_1024,C00,N/A,encrypt,AES-GCM-128,1024,0.017,ok
C00_2048,C00,N/A,encrypt,AES-GCM-128,2048,0.018,ok
C00_4096,C00,N/A,encrypt,AES-GCM-128,4096,0.021,ok
C01_256,C01,N/A,encrypt,AES-GCM-128,256,0.015,ok
C01_512,C01,N/A,encrypt,AES-GCM-128,512,0.016,ok
C01_1024,C01,N/A,encrypt,AES-GCM-128,1024,0.016,ok
C01_2048,C01,N/A,encrypt,AES-GCM-128,2048,0.018,ok
C01_4096,C01,N/A,encrypt,AES-GCM-128,4096,0.034,ok
C02_256,C02,N/A,encrypt,AES-GCM-128,256,0.015,ok
C02_512,C02,N/A,encrypt,AES-GCM-128,512,0.022,ok
C02_1024,C02,N/A,encrypt,AES-GCM-128,1024,0.017,ok
C02_2048,C02,N/A,encrypt,AES-GCM-128,2048,0.018,ok
C02_4096,C02,N/A,encrypt,AES-GCM-128,4096,0.033,ok
